{

	"metadata" :
	{
		"formatVersion" : 3.1,
		"generatedBy"   : "Blender 2.65 Exporter",
		"vertices"      : 162,
		"faces"         : 160,
		"normals"       : 162,
		"colors"        : 0,
		"uvs"           : [],
		"materials"     : 1,
		"morphTargets"  : 0,
		"bones"         : 0
	},

	"scale" : 1.000000,

	"materials" : [	{
		"DbgColor" : 15658734,
		"DbgIndex" : 0,
		"DbgName" : "default",
		"vertexColors" : false
	}],

	"vertices" : [-0.553365,-0.11292,0.0321512,-0.506864,0.0145524,0.0548742,-0.506986,-0.124419,-0.187767,-0.544474,-0.226208,0.0106223,-0.523271,-0.0989881,0.251819,-0.483722,0.0302903,0.254845,-0.462466,-0.00282562,-0.146438,-0.497703,-0.228385,-0.201236,-0.509346,-0.210183,0.224716,0.0178949,-0.143151,-0.541444,0.0173489,-0.0254532,-0.473006,0.235908,-0.139692,-0.510501,0.0161033,-0.245928,-0.551338,-0.201814,-0.140463,-0.494179,-0.182886,-0.0241619,-0.427974,0.215228,-0.0230503,-0.448995,0.228087,-0.238062,-0.514672,-0.196728,-0.238585,-0.502927,0.562573,-0.131362,0.0177282,0.506214,-0.010048,0.0347555,0.521575,-0.124589,0.248727,0.559383,-0.238191,0.00146579,0.526973,-0.133436,-0.211745,0.475956,-0.0148343,-0.178189,0.468934,-0.0036217,0.249041,0.51625,-0.227646,0.223516,0.520115,-0.23406,-0.217717,-0.0086869,-0.101132,0.591323,-0.0179981,0.0299576,0.562636,-0.232206,-0.0927321,0.550575,-0.00119442,-0.218471,0.563426,0.216403,-0.108546,0.555139,0.189354,0.0177146,0.530578,-0.222994,0.0385064,0.525651,-0.217318,-0.206181,0.521671,0.215275,-0.217447,0.525207,0.0101804,-0.387045,-0.0216561,-0.248701,-0.368384,-0.0175319,0.0118141,-0.372804,-0.278357,0.268452,-0.37107,-0.0195842,0.00793703,-0.36665,0.241241,-0.230156,-0.347761,0.222662,-0.224784,-0.356202,-0.251737,0.248137,-0.357281,-0.256298,0.245158,-0.352467,0.222803,-0.0600948,0.487761,0.0872015,0.0188402,0.472966,0.0801579,-0.0519173,0.469309,0.00522256,-0.135223,0.482213,0.0935999,-0.0644656,0.485871,0.168535,0.0130184,0.470033,0.160134,0.0230766,0.457231,0.000604397,-0.123935,0.462853,0.0149233,-0.13776,0.48195,0.170639,0.255633,0.31206,0.0650167,0.176948,0.384831,0.0693272,0.233351,0.316976,0.191653,0.33715,0.220085,0.059014,0.241311,0.306897,-0.0595582,0.169356,0.376821,-0.0294155,0.161873,0.385924,0.169937,0.30923,0.226916,0.214098,0.317578,0.215257,-0.0941003,-0.0116494,0.297401,-0.219809,-0.0265009,0.373578,-0.147381,0.0990644,0.299102,-0.211132,0.00223434,0.203087,-0.296489,-0.124549,0.297321,-0.18978,-0.115482,0.370479,-0.125672,0.0620684,0.370908,-0.14366,0.138957,0.206191,-0.283702,-0.137323,0.204252,-0.259906,-0.318454,0.340294,0.0964367,-0.2631,0.408809,0.0993065,-0.287844,0.320157,-0.0214324,-0.37521,0.25012,0.0885658,-0.311675,0.356489,0.212111,-0.260064,0.418671,0.191586,-0.240335,0.389111,0.00462891,-0.338627,0.229336,-0.0545433,-0.364302,0.268901,0.229705,-0.0511715,0.354952,0.381262,-0.0596515,0.420062,0.316015,-0.169429,0.364285,0.363685,-0.0402943,0.267118,0.444069,0.0700548,0.339812,0.360001,0.03702,0.404556,0.300237,-0.152776,0.424585,0.305831,-0.18568,0.277967,0.419307,0.107927,0.252,0.419461,-0.3983,-0.197707,0.406561,-0.41634,-0.0898501,0.436279,-0.390085,0.0398033,0.422196,-0.420724,0.159103,0.244054,-0.436851,0.140726,0.0749571,-0.395796,0.120419,-0.0958348,-0.353488,-0.0172587,-0.317813,-0.388385,-0.133572,-0.374391,-0.378599,-0.228561,-0.382029,-0.411382,-0.307915,-0.213631,-0.452238,-0.314851,-0.00688223,-0.419218,-0.295654,0.204632,-0.156028,0.0956369,-0.33849,0.0127129,0.0942607,-0.380022,0.178695,0.0971491,-0.362585,0.37876,-0.0188714,-0.352028,0.417257,-0.134863,-0.400789,0.406874,-0.229326,-0.400831,0.222064,-0.312483,-0.437829,0.0135508,-0.325305,-0.473404,-0.195196,-0.312505,-0.430139,0.396385,0.106484,-0.133493,0.420882,0.111764,0.049525,0.388197,0.118975,0.234239,0.363515,0.00533557,0.426904,0.405633,-0.116018,0.441211,0.398839,-0.216155,0.41068,0.431323,-0.305902,0.204508,0.470169,-0.321203,-0.0117367,0.434224,-0.310682,-0.223453,0.148429,0.143756,0.476894,-0.0286824,0.15823,0.504504,-0.203034,0.168438,0.473145,-0.207058,-0.293853,0.419009,0.00438001,-0.310749,0.454785,0.215137,-0.301312,0.421016,-0.191289,0.372145,-0.0758846,-0.222368,0.303395,-0.123003,-0.258137,0.212173,-0.177931,-0.203937,0.459231,0.175353,-0.203805,0.456003,0.0980644,-0.188299,0.436557,0.0184707,-0.113989,0.425174,-0.059973,-0.0405228,0.431065,-0.0740791,0.0345465,0.423116,-0.0751329,0.0978877,0.426456,-0.00793901,0.0987863,0.438449,0.0737671,0.0900212,0.436148,0.15681,0.0157115,0.447531,0.235254,-0.0644957,0.463388,0.245911,-0.140595,0.462571,0.242547,0.133072,0.369609,-0.106881,0.189437,0.302306,-0.159224,0.251264,0.211076,-0.217565,-0.30232,0.280058,0.347182,-0.263377,0.36555,0.307293,-0.225273,0.422622,0.265687,0.117456,0.3894,0.253283,0.172234,0.325081,0.297574,0.233072,0.237103,0.343474,-0.349054,-0.26497,0.350195,-0.335721,-0.285861,-0.3497,0.361812,-0.286729,-0.362196,0.356057,-0.277324,0.352588,-0.343943,0.170143,0.385451,-0.301031,0.103587,-0.242318,0.315418,0.101993,-0.281852,0.297617,0.129258,0.387683,-0.192069,0.450277,0.229588,-0.166062,0.412562,-0.0403809,0.0897248,0.407974,-0.0652602,0.0756492,0.425756,0.216787],

	"morphTargets" : [],