{

	"metadata" :
	{
		"formatVersion" : 3.1,
		"generatedBy"   : "Blender 2.65 Exporter",
		"vertices"      : 99,
		"faces"         : 100,
		"normals"       : 99,
		"colors"        : 0,
		"uvs"           : [],
		"materials"     : 1,
		"morphTargets"  : 0,
		"bones"         : 0
	},

	"scale" : 1.000000,

	"materials" : [	{
		"DbgColor" : 15658734,
		"DbgIndex" : 0,
		"DbgName" : "default",
		"vertexColors" : false
	},

	{
		"DbgColor" : 15658734,
		"DbgIndex" : 0,
		"DbgName" : "default",
		"vertexColors" : false
	}],

	"vertices" : [-0.218273,0.649797,0.281767,-0.256932,0.636145,-0.147172,-0.173958,0.828697,0.296961,-0.196436,0.817612,-0.0344006,-0.33692,0.446971,0.239356,-0.190354,0.395072,-0.150894,-0.202493,0.468341,0.149805,-0.236734,0.378447,0.0334584,-0.27142,0.380185,0.0423236,-0.237179,0.470079,0.15867,-0.222624,0.615233,0.0422345,-0.256865,0.525339,-0.0741122,-0.291552,0.527077,-0.0652471,-0.257311,0.616972,0.0510997,-0.361332,0.384691,0.0653032,-0.327091,0.474585,0.18165,-0.381463,0.531583,-0.0422675,-0.32423,0.571769,0.0393729,-0.24174,0.163616,0.0629759,-0.206715,0.283229,0.144259,-0.331652,0.168122,0.0859554,-0.297411,0.258016,0.202302,-0.300843,0.221564,-0.0944155,-0.390754,0.22607,-0.0714359,-0.245643,0.0651162,-0.148943,-0.336416,-0.0275088,0.0723803,-0.244818,-0.00298209,-0.256659,-0.501391,0.00574421,-0.189813,-0.205793,0.00274178,-0.142628,-0.414593,0.000215575,-0.106635,-0.327534,0.533032,0.279586,-0.327534,0.533032,0.165682,-0.216274,0.577026,0.176642,-0.216274,0.577026,0.290546,-0.275902,0.615131,0.284876,-0.275902,0.615131,0.170972,-0.216274,0.69093,0.176642,-0.216274,0.69093,0.290546,-0.381535,0.570133,0.201075,-0.381535,0.570133,-0.0388072,-0.329903,0.712877,0.284876,-0.329903,0.712877,0.0449947,-0.438755,0.781334,0.0449947,-0.438755,0.781334,0.284876,-0.490387,0.63859,-0.0388072,-0.490387,0.63859,0.201075,0.218273,0.649797,0.281767,0.256932,0.636145,-0.147172,0,0.623511,-0.268206,0,0.660128,0.318779,0.173958,0.828697,0.296961,0.196436,0.817612,-0.0344006,0,0.821978,-0.0651481,0,0.835673,0.318779,0.33692,0.446971,0.239356,0.190354,0.395072,-0.150894,0,0.410461,-0.268206,0,0.413815,0.322837,0.202493,0.468341,0.149805,0.236734,0.378447,0.0334584,0,0.593032,0.429988,0.27142,0.380185,0.0423236,0.237179,0.470079,0.15867,0.222624,0.615233,0.0422345,0.256865,0.525339,-0.0741122,0.291552,0.527077,-0.0652471,0.257311,0.616972,0.0510997,0.361332,0.384691,0.0653032,0.327091,0.474585,0.18165,0.381463,0.531583,-0.0422675,0.32423,0.571769,0.0393729,0.24174,0.163616,0.0629759,0.206715,0.283229,0.144259,0.331652,0.168122,0.0859554,0.297411,0.258016,0.202302,0.300843,0.221564,-0.0944155,0.390754,0.22607,-0.0714359,0.245643,0.0651162,-0.148943,0.336416,-0.0275088,0.0723803,0.244818,-0.00298209,-0.256659,0.501391,0.00574421,-0.189813,0.205793,0.00274178,-0.142628,0.414593,0.000215575,-0.106635,0.327534,0.533032,0.279586,0.327534,0.533032,0.165682,0.216274,0.577026,0.176642,0.216274,0.577026,0.290546,0.275902,0.615131,0.284876,0.275902,0.615131,0.170972,0.216274,0.69093,0.176642,0.216274,0.69093,0.290546,0.381535,0.570133,0.201075,0.381535,0.570133,-0.0388072,0.329903,0.712877,0.284876,0.329903,0.712877,0.0449947,0.438755,0.781334,0.0449947,0.438755,0.781334,0.284876,0.490387,0.63859,-0.0388072,0.490387,0.63859,0.201075],

	"morphTargets" : [],

	"normals" : [-0.791375,0.3155,-0.523606,-0.79104,0.112674,0.601245,-0.521744,0.633625,0.571154,-0.581133,0.76577,-0.275307,-0.395642,0.818842,-0.415845,-0.445448,0.262978,-0.8558,-0.718406,0.378521,0.583575,-0.353496,0.647755,0.674825,-0.475906,0.379772,0.793237,-0.610187,-0.658742,-0.440077,-0.783959,-0.54088,0.304666,0.983367,-0.03589,0.177923,0.477096,0.472732,-0.740867,0.008393,0.679556,-0.733543,0.807154,-0.476302,0.348704,-0.401288,-0.574084,-0.713675,-0.424818,-0.67626,0.601794,-0.364299,-0.091159,0.926786,0.298379,-0.171026,0.938994,-0.405469,0.349284,0.844722,-0.491195,0.834773,0.248695,-0.626209,-0.778771,0.036866,-0.753105,0.14716,-0.641194,0.054537,-0.978149,-0.200476,-0.375408,-0.208533,-0.903073,0.801233,-0.184454,0.56917,0.575701,-0.803034,-0.153905,0.484542,-0.340007,-0.805963,-0.921628,0.164647,-0.351329,-0.942198,0.26487,-0.205176,0.258797,0.349437,-0.900479,0.437208,0.813318,-0.383801,0.86993,0.240516,0.430525,-0.417005,-0.570177,0.707755,-0.994385,0.056429,0.089175,-0.423841,0.366375,0.828303,-0.651234,0.751762,0.103366,0.098605,-0.951445,-0.291482,-0.273202,-0.726676,0.630299,-0.597949,-0.696158,0.397198,0.178655,-0.606922,-0.774407,0.572527,0.32902,-0.750938,0.281137,0.800928,-0.528611,0.691183,-0.450179,-0.565264,0.267495,0.7846,0.559313,0.629963,-0.450423,0.632618,-0.283822,0.328074,0.900967,-0.846248,-0.353252,0.398785,-0.664907,-0.113285,-0.738243,0.746605,0.457228,-0.4832,0.403211,0.459517,0.791345,-0.306497,0.646992,0.698141,-0.253243,0.878445,-0.405133,0.521744,0.633625,0.571154,0.79104,0.112674,0.601245,0.791375,0.3155,-0.523606,0.581133,0.76577,-0.275307,0.783959,-0.54088,0.304666,0.610187,-0.658742,-0.440077,-0.983367,-0.03589,0.177923,-0.807154,-0.476302,0.348704,-0.008393,0.679556,-0.733543,-0.477096,0.472732,-0.740867,0.364299,-0.091159,0.926786,0.491195,0.834773,0.248695,0.405469,0.349284,0.844722,-0.298379,-0.171026,0.938994,0.626209,-0.778771,0.036866,0.753105,0.14716,-0.641194,-0.054537,-0.978149,-0.200476,0.375408,-0.208533,-0.903073,-0.801233,-0.184454,0.56917,-0.484542,-0.340007,-0.805963,-0.575701,-0.803034,-0.153905,0.921628,0.164647,-0.351329,-0.258797,0.349437,-0.900479,0.942198,0.26487,-0.205176,-0.86993,0.240516,0.430525,-0.437208,0.813318,-0.383801,0.994385,0.056429,0.089175,0.417005,-0.570177,0.707755,0.423841,0.366375,0.828303,0.651234,0.751762,0.103366,-0.098605,-0.951445,-0.291482,-0.178655,-0.606922,-0.774407,0.597949,-0.696158,0.397198,0.273202,-0.726676,0.630299,-0.572527,0.32902,-0.750938,-0.691183,-0.450179,-0.565264,-0.281137,0.800928,-0.528611,-0.629963,-0.450423,0.632618,-0.267495,0.7846,0.559313,0.283822,0.328074,0.900967,0.664907,-0.113285,-0.738243,0.846248,-0.353252,0.398785,-0.746605,0.457228,-0.4832,-0.403211,0.459517,0.791345,0.306497,0.646992,0.698141,0.253243,0.878445,-0.405133],

	"colors" : [],

	"uvs" : [],